cod_uf,n_dom_amostra,n_pes_amostra,dom_pond,pop_pond,a10b_parede_alvenaria,a11_adensamento,a12_proprio_quit,a13_alugado,a14_apartamento,a15_moradores,a16_com_criancas,a17_resp_mulher,a18_idade_resp,a19b_rdpc_media,a19c_rdpc_sm,a2_agua_rede,a20_rdpc_baixa,a22_energia,a23_esgoto_adeq,a25_urbano,a26_radio,a27_geladeira,a28_televisao,a29_automovel,a3_agua_dentro,a30_fogao_lenha,a31_telefone,a32_comodos,a33_dormitorios,a4_esgoto_rede,a5_esgoto_inadeq,a7_banheiro_excl,a7b_sem_banheiro,b1_alfabetizacao,b10_sem_instrucao,b11_alfab_resp,b1z_alfab_naonulo_15mais,b1z_alfab_naonulo_5a14,b1z_alfab_naonulo_geral,b2_analf_60mais,b3_freq_6a14,b4_freq_15a17,b6_fund_completo,b7_medio_completo,b8_superior_comp,c1_participacao,c10_raz_rend_sexo,c10a_rend_fem,c10b_rend_masc,c11_raz_rend_raca,c11a_rend_pretos_pardos,c11b_rend_brancos,c13_beneficio,c2_desocupacao,c3_ocupacao,c5_previdencia,c7_rend_trab_med,c8_rend_total_med,c9_sem_rendimento,d1a_branca,d1b_preta,d1c_amarela,d1d_parda,d3_envelhecimento,d5_pop_0a5,d6_pop_65mais,d7_razao_sexo,e1_nao_natural,e2_migrante_5anos,e3_estrangeiro,f1_tamanho_familia,f2_resp_mulher,f3_idade_resp
11,24492,116536,93830,491025,9.17,58.99,64.16,14.27,1.39,5.1,77.79,7.02,39.06,1065.27,0.98,18.3,51.88,31.16,13.73,48.12,59,24.57,24.12,10.46,18.09,58.61,5.59,4.05,1.89,2.47,42.88,46.11,44.38,68.84,45.09,57.89,99.14,96.69,97.84,60.52,50.99,34.95,8.06,4.5,1.4,51.37,0.674,2064.98,3063.72,0.685,2489.66,3635.07,1.14,0.83,50.94,30.22,2854.83,2887.44,49.39,34.19,3.59,0.17,62.05,0.03,20.62,1.58,1.12,68.72,45.88,0.4,4.75,8.18,38.61
12,14803,70503,56992,301276,8.24,66.07,76.77,8.51,0.92,5.17,78.7,11.37,40.38,828.02,0.77,23.84,59.21,37.58,3.77,46.58,62.99,28.54,28.74,6.9,18.65,50.85,5.66,3.5,1.65,0,57.59,50.69,39.54,55.6,60.09,43.4,99.02,97.3,98.09,60.93,41.41,41.76,8.64,4.76,1.7,46.28,0.731,1713.73,2344.56,0.643,1948.37,3031.54,3.09,0.65,45.98,31.34,2264.13,2212.11,46.98,23.29,3.08,0.25,73.37,0.05,21.71,2.55,1.06,21.52,7.9,0.18,4.95,12.86,39.97
13,63723,338052,248818,1430528,17.11,68.89,75.06,13.92,2.13,5.68,81.22,11.95,41.01,1054.7,0.97,53.31,50.54,54.51,26.08,61.54,60.66,42.83,41.72,9.9,40.58,34.81,7.93,3.63,1.79,8.27,54.65,68.91,19.59,71.06,43.02,55.91,99.17,97,97.92,51.63,53.53,55.43,12.82,7.65,1.92,46.75,0.641,1969.94,3073.35,0.559,2391.77,4282.46,3.31,1.37,46.11,46.83,2805.52,2784.47,45.87,18.15,1.72,0.29,79.84,0.05,22.11,2.44,1.02,19.95,7.54,0.26,5.2,14.36,40.06
14,3875,18323,15471,79121,37.64,58.81,69.77,17.33,0.26,5.01,76.24,10.45,40.36,1288.68,1.19,47.9,42.46,57.11,27.36,63.22,67.49,47.79,42.27,16.2,38.99,33.09,12.15,3.89,1.81,13.77,58.68,74.81,14.25,75.14,40.68,64.47,99.1,97.6,98.4,52.92,63.92,58.45,14.05,7.93,2.24,48.92,0.673,2281.37,3390.35,0.56,2579.68,4608.92,1.38,0.93,48.47,46.57,3108.98,3141.65,45.2,25.38,3.13,0.53,70.96,0.05,21.03,2.18,1.08,31.87,19.4,0.84,4.7,11.66,39.79
15,154748,828740,598185,3403498,20.94,64.14,74.36,13.43,1.59,5.59,79.61,12.26,42.05,877.53,0.81,37.14,58.16,44.12,22.12,48.78,60.71,32.46,32.22,8.01,31.6,47.32,6.6,4.13,1.95,4.54,61.6,74.45,16.6,72.84,37.96,58.98,98.99,97.73,98.27,54.07,55.47,54.34,11.07,6.23,1.84,44.11,0.542,1467.71,2710.43,0.568,2094.08,3684.52,3.71,1.24,43.57,37.09,2449.29,2416.72,47.5,18.75,2.92,0.24,78.09,0.07,20.66,3.09,1.03,29.61,15.58,0.21,5.05,14.9,40.97
16,7555,42752,29702,175258,9.22,66.52,77.29,12.85,1.03,5.85,83.42,14.3,41.53,913.9,0.84,52.91,55.63,64.53,5.9,58.2,63.53,48.54,42.32,9.71,43.7,25.82,10.4,4.26,1.98,5.02,83.1,78.37,11.12,75.58,36.91,62.1,99.54,98.63,98.98,64.92,68.64,62.45,15.58,10.05,2.14,42.48,0.615,1714.49,2785.71,0.658,2236.14,3400.89,3.02,2.24,41.52,50.37,2556.79,2494.93,47.21,20.59,3.38,0.08,75.96,0.06,22.93,2.93,1,32.96,12.16,0.19,5.11,18.62,39.95
20,,,,,,53.54,,,,5.48,78.32,7.3,40.84,1267.08,1.32,,42.48,,,,,,,,,,,,,,,,,,25.81,,,,,,,,29.3,15.81,3.95,,0.322,1037.82,3221.19,0.96,2583.82,2690.69,,,,,2621.49,2643.49,35.92,,,,,,,,,,,,5.12,7.14,40.34
21,197194,973791,770557,3996444,27.15,62.78,86.37,5.78,0.21,5.15,77.69,14.55,42.9,439.7,0.41,17.87,79.89,23.32,9.86,30.09,44.09,14.71,13.19,3.8,13.8,76.57,2.34,4.14,1.83,4.23,24.13,31.14,66.86,49.43,62.32,40.55,98.89,97.51,98.1,77.44,38.43,43.65,5.66,3.65,0.81,47.83,0.525,783.49,1492.36,0.583,1117.45,1917.54,3.82,1.34,47.19,17.47,1305.95,1292.09,47.99,21.99,7.82,0.2,69.99,0.08,20.78,3.66,0.99,31.27,12.57,0.03,4.86,15.87,42.22
22,100417,514491,386263,2139196,56.44,57.76,78.39,8.76,0.19,5.48,78.28,14.58,44.28,379.71,0.35,26.71,83.38,28.69,13.2,42.49,55.83,17.94,17.89,5.85,17.78,77.03,3.84,4.69,2.13,0.86,15.04,26.24,72.22,50.83,66.5,41.35,99.04,98.52,98.68,77.19,46.37,49.57,6.72,4.36,0.97,44.67,0.617,892.63,1447.3,0.501,1099.15,2195.99,5.09,0.92,44.26,24.4,1293.19,1276.45,55.3,15.46,6.4,0.1,78.04,0.09,19.88,3.89,0.96,21.16,9.01,0.01,5.16,16.04,43.47
23,258775,1307350,999192,5288429,69.21,49.93,59.57,16.18,1.28,5.27,75.14,14.27,45.03,587,0.54,17.65,74.55,43.37,27.6,55.26,67.59,24.67,28.73,9.24,20.79,62.81,5.98,4.96,2.25,2.06,16.2,40.81,56.56,55,57.21,48.59,98.92,98.62,83.9,70.29,45.28,46.34,8.5,5.43,1.54,45.01,0.545,1017.47,1867.05,0.528,1267.55,2400.39,5.69,1.44,44.36,34.64,1580.37,1585.05,48.46,27.97,4.18,0.16,67.69,0.1,17.98,4.45,0.95,25.2,10.39,0.03,4.95,15.86,44.26
24,95939,472982,369685,1898835,78.87,44.9,60.81,16.97,0.57,5.09,73.46,14.6,45.77,625.37,0.58,37.85,70.8,50.02,25.47,60.47,66.8,26.19,27.03,10.74,28.32,59.46,6.05,5.07,2.28,3.2,33.22,54.53,41.72,56.09,56.33,48.67,99.06,98.7,98.84,72.96,54.91,51.89,7.86,4.99,1.79,42.77,0.589,1108.68,1881.45,0.567,1263.09,2228.02,7.12,1.76,42.01,40.73,1658.68,1634.98,47.5,38.78,4.17,0.11,56.93,0.13,17.44,5.19,0.95,31.82,14.17,0.04,4.73,16.49,44.75
25,144655,699006,541936,2770346,78.54,45.22,59.51,16.54,0.48,5.07,72.4,16.65,46.74,527.21,0.49,36.27,76.78,43.41,19.18,54.59,67.64,20.29,25.17,9.55,29.97,69.12,5.22,5.01,2.24,7.74,32.9,47.69,48.52,51.1,60.82,43.07,99.11,98.45,98.71,76.12,46.14,47.13,6.7,4.29,1.92,42.41,0.618,1000.78,1619.61,0.576,1141.33,1979.9,7.04,1.37,41.83,32.06,1461.76,1428.79,48.61,34.65,3.99,0.15,61.21,0.13,18.19,5.51,0.93,26.03,10.09,0.04,4.79,18.05,45.89
26,319548,1521170,1240660,6142229,78.34,45.23,56.78,22.01,4.02,4.91,70.9,17.9,45.21,790.15,0.73,41.9,64.52,57.34,15.82,63.19,66.61,30.65,38.48,11.83,34.94,51.47,5.14,5.1,2.13,9.67,46.49,53.88,37.96,58.22,52.25,48.82,99.19,98.54,98.82,68.18,55.6,47.19,11.53,7.25,2.59,45.81,0.567,1247.87,2202.62,0.496,1403.45,2827.27,5.88,1.65,45.05,37.75,1893.2,1894.8,43.51,33.89,4.84,0.08,61.19,0.11,17.75,4.52,0.94,30.12,12.08,0.09,4.62,19.68,44.38
27,103068,490215,390551,1982915,67.83,49.16,55.59,16.75,0.9,5.02,73.83,16.07,44.11,582.5,0.54,33.25,73.72,46.58,9.4,50.38,59.08,24.31,26.79,8.38,31.44,63.48,4.99,5.04,2.09,3.23,40.96,46,50.16,46.42,65.45,38.73,98.98,97.65,98.24,76.8,40.86,40.58,7.48,4.92,1.65,44.26,0.622,1046.98,1681.92,0.513,1196.6,2331.01,6.46,1.97,43.39,34.27,1517.58,1496.98,44.38,26.83,3.74,0.16,69.26,0.1,19.72,4.38,0.96,27.36,12.02,0.03,4.76,17.37,43.39
28,61615,292408,230604,1140379,70.74,45.51,72.76,14.71,0.61,4.9,70.44,19.99,45.5,744.12,0.69,42.31,65.12,53.06,19.16,55.58,64.42,29.98,36.11,10.95,35.41,54.37,5.36,5.12,2.1,3.07,37.16,50.58,44.16,53.93,58.49,45.23,99.03,98.43,98.65,72.4,50.86,51.14,8.85,5.52,1.7,44.29,0.547,1164.34,2126.77,0.55,1494.12,2714.69,7.44,2.25,43.29,40.82,1877.5,1814.05,42.48,26.42,5.5,0.09,68,0.11,19.13,4.83,0.96,26.31,11.22,0.05,4.65,21.28,44.72
29,487258,2345215,1820749,9455392,74.44,47.23,70.55,13.36,3.92,5.12,72.39,16.45,44.77,819.85,0.76,34.68,63.79,42.97,20.99,50.31,63.55,26.66,29.94,11.12,32.88,56.97,4.78,5.27,2.18,7.64,24.18,40.69,55.58,57.3,58.39,47.45,99.01,97.73,98.29,68.26,43.8,42.57,9.26,6.01,1.63,45.58,0.556,1311.14,2359.76,0.487,1679.98,3446.97,4.17,2.18,44.59,35.05,2076.84,2073.35,45.38,21.98,11.23,0.13,66.66,0.1,19.37,4.21,0.98,22.7,9.49,0.1,4.83,17.85,43.97
31,721032,3329864,2759968,13380105,90.71,41.98,56.78,20.65,4.44,4.78,67.82,15.21,44.43,1185.47,1.1,54.62,46.82,63.36,40.97,68.99,76.55,39.48,50.85,19.71,54.61,42.41,13.28,5.6,2.18,37.57,36.47,70.59,22.81,76,34.45,68.41,98.98,98.74,98.81,49.69,67.45,44.49,12.56,8.21,2.84,47.04,0.489,1499.98,3066.86,0.529,1710.81,3234.58,5.4,1.08,46.54,50.62,2584.71,2602.89,41.2,57.45,8.36,0.09,34.1,0.11,15.91,4.02,0.99,33.24,13.26,0.15,4.56,16.55,43.88
32,109370,501651,418821,2023338,69.88,40.56,52.72,17.85,5.27,4.77,71.74,11.95,42.94,1113.21,1.03,54.76,48.04,68.32,47.53,66.44,72.81,47.82,53.02,19.84,56.52,42.85,10.55,5.57,2.24,24.88,35.16,74.52,17.54,76.57,35.36,69.59,99.11,98.3,98.73,52.8,68.28,44.45,14.11,9.1,2.73,47.15,0.504,1564.36,3106.58,0.566,1886.51,3334.76,4.98,0.85,46.75,48.73,2664.79,2666.78,45.15,54.31,7.13,0.04,38.52,0.1,16.64,3.93,1.02,43.32,18.18,0.13,4.54,13.37,42.48
33,679213,2779456,2704812,11291631,93.88,39.31,47.03,31.71,23.63,4.12,59.09,17.89,44.42,2247.94,2.08,72.81,21.48,91.92,74.17,92.92,86.77,79.88,82.77,27.78,79.88,4.55,20.93,5.15,1.9,56.88,20.45,87.63,5.2,87.73,20.65,81.57,99.21,98.43,98.94,27.93,81.73,64.96,26.34,15.62,6.26,47.7,0.543,2553.68,4703.56,0.447,2223.9,4980.29,7.88,1.26,47.1,77.18,3756.84,3927.61,35.95,60.92,10.85,0.11,28.12,0.15,13.08,4.7,0.96,39.6,9.69,1.92,3.84,19.52,43.66
35,1469201,6206465,5800817,25042074,89.07,45.22,43.77,33.08,9.39,4.24,63,12.99,42.59,2211.61,2.04,82.3,16.76,93.99,72.49,89.9,86.14,74.38,83.04,36.65,82.23,7.4,21.16,4.92,1.84,56.22,24.59,84.02,2.83,86.84,23.12,81.46,99.16,98.52,98.91,36.69,76.89,53.49,19.42,12.3,5.33,53.27,0.499,2403.87,4819.09,0.512,2288.96,4466.84,5.63,0.59,52.95,73.15,3900.41,4018.33,33.82,74.99,4.62,1.9,18.49,0.12,14.42,4.07,1,52.85,18.07,2.09,4,14.26,42.16
41,415071,1876014,1603498,7629849,22.41,42.02,50.13,20.46,3.45,4.69,72.29,9.99,41.87,1210.06,1.12,48.05,45.61,62.66,30.91,62.02,82.51,44.18,52.86,25.58,53.36,50.7,12.35,5.23,2.15,14.06,57.56,78.06,11.67,80.17,32.3,73.19,99.26,98.26,98.79,47.94,65.78,39.97,12.39,7.74,2.95,50.61,0.469,1552.09,3310.21,0.526,1642.55,3122.57,3.5,0.72,50.25,46.53,2806.39,2840.14,44.42,77.34,2.61,1.04,19.01,0.08,16.13,3.15,1.02,54.48,20.24,0.56,4.49,11.07,41.49
42,193145,891699,753439,3628292,21.34,32.38,68.31,14.08,3.7,4.73,73.23,9.78,42,1261.28,1.17,41.32,35.97,78.96,45.79,62.49,85.79,63.89,64.48,29.93,68.36,56.66,8.28,5.71,2.43,3.87,46.49,86.88,7.82,87.8,19.02,80.9,99.16,97.94,98.63,39.03,69.23,34.24,13.22,7.07,2.5,49.4,0.501,1661.85,3313.87,0.537,1584.5,2952.12,5.53,0.96,48.93,63.6,2872.07,2844.28,42.09,91.77,2.07,0.07,6.08,0.09,15.33,3.48,1.02,37.72,15.7,0.21,4.46,10.46,41.48
43,463911,1925700,1831242,7773849,39.57,31.29,62.51,19.08,8.7,4.2,63.12,14.17,43.83,1635.5,1.51,59.83,30.43,75.95,48.11,70.61,89.68,64.17,65.86,30.08,65.82,41.05,8.12,5.34,2.12,14.18,42.12,81.5,9.8,87.71,20.3,82.8,99.03,98.62,98.86,32.24,74.71,43.11,15.99,8.83,3.69,52.07,0.512,1917.35,3741.98,0.494,1649.89,3339.05,6.98,0.67,51.72,64.17,3076.4,3126.2,37.77,87.52,4.23,0.08,8.18,0.14,13.28,4.7,0.98,35.76,13.23,0.47,3.94,15.02,43.25
50,71598,328244,281907,1369779,36.56,47.4,43.65,23.94,1.67,4.73,73.02,9.76,41.2,1316.81,1.22,34.97,44.61,53.96,8.29,68.1,75.56,39.03,41.71,21.79,38.06,45.42,7.59,5.04,2.01,7.15,78.36,76.2,13.49,76.97,37.1,67.42,99.19,98.42,98.82,52.11,60.7,45.19,11.64,6.68,2.5,50.56,0.514,1718.35,3343.91,0.519,1943.82,3746.97,2.88,0.69,50.21,40.46,2929.49,2952.7,41.05,55.2,2.65,0.76,41.38,0.07,17.25,2.89,1.06,54.33,25.86,0.83,4.43,11.68,40.64
51,55696,264636,218232,1138918,45.15,55.69,57.13,15.07,0.62,5.01,75.47,9.05,40.64,1077.96,1,34.35,51.89,40.73,10.1,57.66,63.38,29.86,28.4,17.43,29.95,51.97,4.32,4.47,1.94,6.53,53.48,56.45,37.23,70.3,43.16,60.29,99,97.39,98.14,59.95,55.42,45.72,10.16,5.65,2.13,47.75,0.6,1764.91,2941.4,0.572,2094.5,3659.7,2.18,1.33,47.11,40.58,2716.51,2711.86,45.8,39.77,5.34,0.36,54.53,0.06,18.95,2.46,1.09,55.49,31.05,0.27,4.7,10.52,40.13
52,204204,953133,791616,3860174,78.06,48.42,55.14,19.52,1.56,4.82,71.8,13.4,41.92,1032.82,0.95,29.24,52.72,50.58,12.14,63.47,66.15,29.97,38.77,17.72,36.74,45.88,7.79,4.98,2.04,9,54.93,55.98,33.35,71.91,42.21,65.54,98.91,98.19,98.5,63.16,59.54,53.47,10.84,6.64,1.98,46.72,0.452,1315.29,2911.5,0.612,1888.63,3084.69,3.76,1.03,46.24,42.72,2530.2,2493.6,43.88,49.59,4.69,0.14,45.58,0.07,17.69,2.88,1.04,47.92,20.43,0.12,4.6,14.93,41.47
53,63323,290017,252866,1176908,69.87,42.85,22.34,32.37,22.02,4.58,70.57,16,38.4,2539.61,2.35,94.59,21.23,96.29,79.91,97.05,78.47,69.32,81.55,36.96,79.32,1.83,34.51,5.43,2.09,46.9,18.42,75.47,1.52,89.02,22.32,80.79,99.31,98.84,99.05,34.46,87.37,77,33.16,22.36,10.95,53.96,0.556,3224.81,5804.8,0.417,2762.28,6618.65,2.87,0.99,53.42,77,4657.44,4840.98,35.1,53.13,3.19,0.36,43.31,0.04,17.34,1.66,0.95,68.3,26.57,0.67,4.3,18.24,37.97
