cod_uf,nome_uf,n_dom_amostra,n_pes_amostra,n_fam_amostra,dom_pond,pop_pond,a1_internet,a2_agua_rede,a3_agua_dentro,a4_esgoto_rede,a5_esgoto_inadeq,a6_lixo_coletado,a7_banheiro_excl,a8_saneamento_ok,a9_maq_lavar,a10_parede_alv,a11_adensamento,a12_proprio_quit,a13_alugado,a14_apartamento,a15_moradores,a16_com_criancas,a17_resp_mulher,a18_idade_resp,a19b_rdpc_media,a20_rdpc_baixa,a21_com_defic,b1_alfabetizacao,b2_analf_60mais,b3_freq_6a14,b4_freq_15a17,b5_adequacao,b6_fund_completo,b7_medio_completo,b8_superior_comp,b9_anos_estudo,b10_sem_instrucao,c1_participacao,c2_desocupacao,c3_ocupacao,c4_carteira,c5_previdencia,c6_domestico,c7_rend_trab_med,c8_rend_total_med,c9_sem_rendimento,c10_raz_rend_sexo,c11_raz_rend_raca,c12_ocup_superior,c13_beneficio,d1a_branca,d1b_preta,d1c_amarela,d1d_parda,d1e_indigena_raca,d3_envelhecimento,d5_pop_0a5,d6_pop_65mais,d7_razao_sexo,d8_indigena,d9_quilombola,d10_deficiencia,d11_sem_registro,e1_nao_natural,e2_migrante_5anos,e3_estrangeiro,e4_trab_outro_mun,e5_desloc_mais_1h,e6_desloc_minutos,f1_tamanho_familia,f2_resp_mulher,f3_idade_resp,a19_rdpc_mediana,d2_idade_mediana
11,Rondônia,60461,170240,51935,562573,1581196,88.9,46.3,95.9,10.8,1.4,79.5,98.6,10.5,75.9,61.2,11.5,63.1,20.2,6.5,2.81,30.5,44.1,46.3,1806.11,25.2,15.4,93.6,23,97.6,84.7,59.1,56,42.2,15.7,8.5,15,55.8,3.8,53.7,64,60.7,4.4,2935.64,2699.41,27.3,0.761,0.771,19.2,26.1,30.6,8.8,0.3,59.3,1.1,0.367,8.6,8.1,0.993,1.3,0.2,7.1,0.5,51.9,9.3,0.3,2.5,6,29.1,3.05,44.2,45.4,1376.08,32
12,Acre,36049,116783,32576,266088,830018,74.7,52.9,83.1,33.9,16.3,78.6,86,26.8,55.4,50,20.5,74.3,13.8,5.9,3.12,38,48.8,44.6,1493.05,39.8,17.7,88.5,36.1,96.6,81.6,58.1,58.3,45.5,17.4,8.6,18.4,50.4,5.9,47.4,51.9,52.8,6.2,2562.95,2280.85,29.5,0.79,0.73,20.2,31.1,21.2,8.6,0.2,66.5,3.4,0.237,10.2,6.3,1.002,3.7,0,7.4,1.3,26.8,5.2,0.2,2.3,6.6,30.7,3.29,50.8,43.8,917.39,27
13,Amazonas,98377,389199,102858,1087243,3941613,77.9,66.4,87.1,28.5,13.5,82.9,89.8,27.8,56.5,66.5,30.6,69.4,18.4,10.6,3.63,41.8,49.7,45.4,1446.03,45,18.5,93.1,22.4,96,83.7,56.8,66.8,52.2,15,9.5,12.5,50.9,8.6,46.5,54.4,50.8,3.8,2529.69,2262.51,33.9,0.757,0.626,20,27.5,18.1,4.8,0.2,69,7.9,0.216,10.8,5.9,0.995,12.7,0.1,7,2.3,24.8,5.2,1.3,1.6,17.7,50,3.46,51.6,44.9,774.05,27
14,Roraima,24135,85986,22370,183975,636707,81.3,81.6,90.9,41.8,3.1,80.6,92.7,44.8,58.8,73.7,30.7,60,25,8.3,3.46,42.1,49.3,43.5,1653.59,38.6,14.7,93.2,23.6,91.5,79.2,55.8,68.9,56.2,18.9,9.9,12.7,53.8,4.5,51.4,50.8,54.6,4.7,2818.67,2637.49,33,0.835,0.695,20.4,21.9,20.4,7.8,0.1,57.4,14.3,0.173,12.2,5.1,1.013,15.4,0,5.6,8.3,46.5,16.5,12,2.2,6.8,33.9,3.48,51.6,42.8,941.09,26
15,Pará,249992,833378,236716,2466112,8120131,77.7,48.8,87.5,12.9,6.3,78.3,91,14.8,36.2,66.1,23.2,72,15.4,5.1,3.29,36.1,48.8,46.2,1374.93,42.3,18.3,91.5,24.8,97.5,83.6,56,57.4,42.2,12,8.6,13.9,49.8,6.4,46.7,50.5,48.1,4.4,2370.3,2121.46,30.8,0.744,0.664,16.7,30.5,19.3,9.8,0.2,69.9,0.9,0.295,9.4,7.2,0.996,1,1.7,7.3,1.5,33.4,6.8,0.1,5.8,12.4,43.3,3.3,50.4,45.4,834.82,29
16,Amapá,18403,68341,18522,204373,733759,85.2,43.4,86.6,9.1,11.9,90.4,94.9,8.5,55.9,61.4,28.6,70.6,15.2,8.8,3.59,42.4,52.9,45,1596.25,38.5,19.1,93.9,23.7,96.5,83,58,68.6,55.3,20.7,9.9,11.8,56.6,8.8,51.6,52,52.5,5,2712.03,2466.62,30.3,0.819,0.759,22.6,27.4,21.3,11.8,0.1,65.5,1.4,0.203,10.7,5.5,0.987,1.5,1.8,7.1,2.2,34.2,5.5,0.1,5,9.4,39.3,3.43,55.6,44.4,926.56,27
17,Tocantins,93447,274941,80483,517488,1511460,83.6,81.8,96.1,27.6,2.1,85.2,96.9,28.8,53.1,81.2,13.6,61.8,21.1,3.2,2.92,31.6,47,46.8,1842.8,25.9,16.1,91.5,29,98.7,86.2,61.5,62.4,50,18,9.2,13.5,57.1,4.1,54.7,51.6,60.9,4.8,2942.52,2642.07,23.7,0.753,0.662,22,28.4,22.8,13.3,0.2,62.4,1.2,0.372,9,8.7,1.004,1.3,0.9,6.9,0.6,48.6,10.7,0.1,4.7,6.5,31.8,3.16,48.6,45.9,1261.41,31
21,Maranhão,244256,797135,228292,2103614,6776699,77.1,66.3,82.1,15.2,7.3,71.5,86.8,15.2,27.2,75.2,19.3,76.6,12,4,3.22,35,53,47.3,1248.79,44.6,20.2,86.3,39.6,98.5,84.7,58.1,54.4,40.7,11.1,8.1,18.2,47,7.1,43.7,45,46.2,4.9,2130.63,1871.47,29.2,0.771,0.66,19.4,36,19.9,12.8,0.1,66.4,0.8,0.349,9.2,8.5,0.966,0.8,4,8.1,0.8,30.7,5.8,0,9.4,10.4,45.9,3.29,54.6,46.5,769.08,30
22,Piauí,166500,500931,150843,1077695,3271199,78.3,77.1,89.6,15.2,7.1,73.7,92.3,17.8,30.7,80.2,14.5,76.1,11,4.6,3.04,30.3,50.3,49.4,1354.29,40.1,22.1,84.5,40.5,98.9,87.8,59.5,51,38.5,13.9,7.9,18.4,46.6,7.7,43,48.7,51.4,5.8,2189.11,1943.71,26.5,0.789,0.666,20.9,39.7,22.5,12.3,0.1,64.9,0.2,0.511,8,10.7,0.958,0.2,1,9.4,0.9,26.1,5.5,0,7.6,6.9,44.9,3.14,51.1,48.4,877.25,34
23,Ceará,304110,883087,268045,3040329,8794957,82.6,79.3,91.8,38.5,3.6,85.6,96.5,38.6,41,89.5,14.5,66.3,21.9,10.1,2.89,29.7,52.5,48.2,1402.46,40,20,87.2,34.4,98.6,85.9,59.4,57.1,42.8,12.7,8.4,16.9,49,6.4,45.8,54.8,53.2,4.6,2255.63,2053.8,27.6,0.777,0.655,19.9,34.5,27.6,6.9,0.1,64.9,0.5,0.507,7.9,10.4,0.938,0.6,0.3,8.9,0.5,27.3,5.5,0.1,8.4,9.9,37.8,3.07,54,47.2,882.98,33
24,Rio Grande do Norte,152368,440132,135508,1150914,3302729,84.5,85,92,30.2,2.6,90.9,98.3,31.8,43.8,92.8,11.7,63.1,21.7,9.2,2.87,28.9,49.1,48.7,1663.91,35.8,19.9,87.9,31,98.5,87.5,57.7,57.4,44.2,15.1,8.7,14,49.8,7.8,45.9,59.9,59.9,4.1,2585.88,2388.65,27,0.75,0.663,23,34.6,39.2,9.4,0.2,50.9,0.3,0.529,7.5,10.5,0.938,0.4,0.7,8.8,0.4,35.9,7.5,0.1,15.4,9.9,40.1,3.04,49.7,47.8,946.06,34
25,Paraíba,202443,585741,177641,1384553,3974687,82.4,74.7,88.8,47,5,84.7,96.6,45.4,39.4,94.1,11.4,65,20.3,12.8,2.87,29.4,51.7,48.9,1468.97,38.2,19.5,85.5,35.2,98.5,85.3,59.6,52.5,40.8,14.5,8.1,17.9,47,7.4,43.5,53.1,57.7,4.2,2362.27,2106.55,26.4,0.775,0.709,22.1,37.6,35.5,8.1,0.1,55.6,0.7,0.532,7.9,11.1,0.933,0.8,0.4,8.6,0.3,29.1,6.6,0.1,11.5,7.2,37.3,3.07,52.3,47.7,922.89,34
26,Pernambuco,320267,912267,275243,3219171,9058931,82.7,71.5,86.3,49.9,8.7,85.8,96.9,46.3,37.1,91.5,11,68.1,21.3,11.2,2.81,28.6,53.8,48.2,1520.57,39.7,19.6,88,30,98.2,84.8,58.3,57.2,45.3,13.9,8.6,15.6,49.9,8.4,45.7,58.9,55.1,4.1,2489.56,2232.69,27.7,0.771,0.639,20.7,34.8,33.5,10.1,0.1,55.3,0.9,0.487,7.8,10.2,0.912,1.2,0.9,8.9,0.7,30.8,5.9,0.1,14.9,13.8,43.3,3.06,54.5,47,917.39,34
27,Alagoas,114514,347165,103380,1048894,3127683,81.5,68.4,88.8,30.1,5.8,87.3,95.8,28.7,36.6,91.7,12.4,65.3,20.1,7.9,2.98,32.2,51.2,47.7,1401.31,40.4,21.9,84,40.2,97.9,85.3,57.1,51.6,39.1,13.4,8,19.4,48,7.8,44.2,55.1,57.4,4.2,2327.87,2067.56,27.8,0.765,0.675,20.2,35.7,29,9.7,0.2,60.4,0.6,0.393,8.7,8.9,0.919,0.8,1.2,9.6,0.5,29.8,6.1,0.1,9.4,10.5,44.8,3.14,51.7,46.5,860.05,32
28,Sergipe,92393,261720,79059,789290,2210004,81.3,85.7,93,50,3,91.5,98.2,53.5,41.9,89.3,9.8,65.1,20.9,10.6,2.8,29.3,53.2,47.7,1568.73,38.2,19.4,87.8,33.1,98.6,88.2,58.2,56.1,43.6,14.9,8.6,14.1,52.9,9,48.2,58.5,57.2,4.1,2442.54,2238.42,25.2,0.764,0.702,21.6,35.3,24.8,13,0.1,61.8,0.2,0.428,8.1,9.1,0.918,0.2,1.2,8.6,0.7,34.6,7.9,0,15.9,9.7,41.4,3.05,54.7,46.5,924.27,33
29,Bahia,574488,1612463,487877,5117217,14141626,80.9,83.2,91.7,52.6,4.5,83.5,96.9,52.5,34,89.3,10,73.3,15.8,9.3,2.76,27.7,51,49.1,1446.03,38.2,17.6,88.3,31.7,98.4,85.8,54.7,55.6,43.2,12,8.3,17.8,51.5,8.6,47.1,53.7,53,4.8,2225.81,2036.6,25.7,0.777,0.638,19.1,36.2,19.5,22.4,0.1,57.4,0.6,0.529,7.6,10.7,0.936,1.6,2.8,7.9,0.3,29.1,6,0.1,7,10.5,41.4,3.03,52.4,47.9,921.97,35
31,Minas Gerais,954632,2582000,791195,7627314,20539989,85.6,87.9,99,80,4.5,92.7,99.6,79.2,69,93.4,6.7,62.2,22.5,14.1,2.69,24.3,45.8,50.1,2121.46,19.2,16,94.4,15.7,98.8,86,59.7,61.9,48.1,17.9,9.3,9.6,58.6,4.4,56,70.9,70.9,4,2964.31,2840.46,22.2,0.738,0.647,22.9,29,41,11.9,0.2,46.8,0.2,0.688,7,12.4,0.952,0.2,0.7,7.3,0.2,34.6,6.9,0.1,9.6,9.5,35.2,2.99,45.4,49,1389.84,36
32,Espírito Santo,157289,418200,128535,1452694,3833712,86.9,84.4,99.4,74.3,4.8,93,99.8,73.1,70.6,92.7,8.3,63.8,23.4,18.7,2.64,25.5,45.5,49,2160.45,20.1,15.4,94.7,15.9,98.5,83.7,59.6,65,50.9,18.2,9.7,9,59.4,4.4,56.8,70.7,68.6,3.3,3106.5,2983.8,23.5,0.743,0.656,23.2,27.1,38.4,11.3,0.1,49.9,0.3,0.584,7.5,11.3,0.952,0.4,0.4,7.2,0.1,41.3,7.4,0.1,12,10.8,36.2,2.97,44.3,47.7,1389.84,36
33,Rio de Janeiro,431769,1129683,345758,6209154,16055174,87.8,84.9,97,77.7,5.7,98.1,99.7,76.2,77.7,93.3,12.6,65.7,23.5,22.1,2.59,22.9,52.2,50.4,2475.8,24.2,15.3,96.7,7.7,98.3,86.3,58.3,72.4,57.1,19.7,10.4,7.1,55.3,7.6,51.1,72,68.1,4.5,3560.61,3478.04,27.4,0.746,0.551,27,28.6,41.8,16.3,0.1,41.6,0.1,0.737,6.7,13.2,0.894,0.1,0.1,7.4,0.3,28.4,4.5,0.4,12.1,24.3,52.1,2.93,51.9,48.7,1389.84,37
35,São Paulo,1376934,3716773,1148813,16485699,44411238,90.7,95.8,99.6,90.4,2.2,99,99.8,90.6,86.7,93.9,10.8,56,26,19.5,2.69,24.2,49.2,49.4,2775.1,16.3,13.8,96.9,8.2,98.3,85,62.6,73.3,59.1,23.3,10.6,6.1,61,5.6,57.6,79.9,75.1,3.3,3972.29,3791.1,24.5,0.734,0.608,29,24.4,57.6,8.1,1.2,33,0.1,0.668,6.8,12,0.93,0.1,0,6.3,0.2,41.7,6.7,0.6,13.3,16.3,41.1,2.97,48.1,48.2,1662.76,37
41,Paraná,510057,1382737,432090,4258171,11444380,89.3,88.8,99.6,69,0.7,94.4,99.7,68.4,85.2,82.8,6.5,57.5,22.7,12.8,2.69,26,45.5,48.8,2546.9,13.8,14.1,95.8,12.7,98.8,84.9,64.1,66.1,51.9,20.7,9.9,7.9,62.5,3.6,60.3,78.6,75.1,3,3608.77,3437.91,20.7,0.733,0.666,25.5,26.2,64.3,4.3,0.9,30.3,0.2,0.595,7.4,11.4,0.951,0.3,0.1,6.4,0.2,44.7,8.9,0.6,10.8,7.3,30.5,2.95,43.8,47.5,1612.31,35
42,Santa Catarina,350018,947947,299603,2839377,7610361,92.5,84.2,99.4,33.6,1.2,96.8,99.7,52.3,92.8,78.2,6.3,58.8,26.3,21.1,2.68,25.9,44.6,47.6,2885.18,9,13.2,97.6,6.9,98.6,86.9,61.5,69.5,54.2,21.4,10.3,5.1,65.1,2.5,63.5,84.3,80.9,1.8,3887.43,3726.88,17.7,0.732,0.72,26.4,25.8,76.3,4.1,0.2,19.2,0.3,0.561,7.4,10.5,0.972,0.3,0.1,6,0.2,48.7,13.3,1,9.7,4.4,25.6,2.92,43,46.6,1987.67,35
43,Rio Grande do Sul,547278,1396115,444701,4316619,10882965,87.8,86.6,99.4,44.6,1.9,95.5,99.6,60.7,87.5,78.5,6.1,65.5,17.9,18.4,2.52,22.9,48.5,50.3,2667.3,13.1,15,97.1,6.9,98.2,85.9,60.6,65,49.3,18.8,10,5.4,60.3,3.7,58,78.6,76.3,3,3529.65,3413.83,18.4,0.743,0.676,26,32.3,78.2,6.6,0.1,14.8,0.3,0.805,6.8,14.1,0.934,0.3,0.2,7.2,0.2,39.1,7.7,0.5,11.3,7,29.2,2.85,46.8,48.8,1720.1,38
50,Mato Grosso do Sul,107533,303624,90728,997146,2757013,88.3,87.1,97.4,47.6,0.4,90.3,98.7,48.5,75.2,87.6,10.8,52,24.6,5.3,2.76,29.3,46.9,47.3,2277.41,18.9,14.5,94.8,15.8,98.2,82.8,61.3,62.8,48,19.8,9.5,10.3,60.5,3.1,58.7,69.5,69.2,4.7,3363.37,3173.01,22.9,0.734,0.667,22.1,25.7,42.1,6.6,0.7,47.1,3.5,0.438,8.8,9.6,0.969,4.3,0.1,6.5,0.4,43.4,9.7,0.6,3.3,8,32.2,3.05,47,46.1,1389.84,33
51,Mato Grosso,155761,445147,132249,1297379,3658649,88.4,80.8,97.1,30.4,0.8,88.6,99.1,32.7,73.2,83.2,12,54.2,27.7,6.1,2.82,30.9,45.8,45.5,2401.26,16.4,12.8,94.2,19.9,97.7,80.1,59.7,64.1,48.7,18.6,9.4,12,61.9,2.6,60.3,71.4,69.7,3.5,3746.38,3461.99,23.6,0.716,0.658,21.3,22.2,32.2,9.9,0.3,56,1.6,0.341,9.2,7.7,1.013,1.6,0.3,5.7,0.4,52.8,12.4,0.4,4.1,7.4,30.1,3.08,47,44.6,1497.63,32
52,Goiás,295465,796342,243176,2600338,7056495,88.8,84.7,98.7,51.8,0.2,94.4,99.8,51.5,75.9,93.2,7.5,50,27.7,10.5,2.71,27,46.5,47,2214.34,18,15.2,94.5,18,98.1,83.9,59.9,65,50.2,18,9.6,11,61.9,3.9,59.5,68,66.4,4.5,3271.63,3101.91,23.3,0.727,0.686,21.2,23.9,36.1,9.2,0.2,54.2,0.1,0.454,7.9,9.2,0.966,0.3,0.4,7,0.2,49,10.4,0.2,13.4,12.5,36.1,3.02,46.7,45.8,1389.84,34
53,Distrito Federal,51024,141502,42097,1010198,2817381,94.8,93.3,99.4,85.5,0.1,98.9,99.7,85.7,85,95.3,8.6,49.2,33.2,33.5,2.79,25.9,49.2,47.6,4129.39,15.9,13.4,97.5,7.7,98.9,89.4,64.8,80.9,70.1,37.1,11.9,5.3,64.9,6.8,60.5,73,74.3,4.1,5412.58,5576.57,25.2,0.786,0.556,34.8,20.9,39.8,10.8,0.4,48.7,0.2,0.474,7.2,9,0.911,0.2,0,6.1,0.2,42.3,4.8,0.3,1.7,15.6,42.6,3.07,48.8,47.3,1995.32,34
